megapixels,plain_text_size_mb,cipher_text_size_mb,increase
1,2.2,3.3,0.5
2,4.2,6.7,0.5952380952
3,6.1,9.9,0.6229508197
4,7.9,13.1,0.6582278481
5,9.4,16.2,0.7234042553
